parent|name|workerCount|totalPayMillionWon
서울|강남구|238731|20649805
서울|강동구|202588|9872141
서울|강북구|105437|3650369
서울|강서구|255155|11422765
서울|관악구|230776|8702669
서울|광진구|153560|6963968
서울|구로구|179560|7483752
서울|금천구|106354|3873141
서울|노원구|198049|8659784
서울|도봉구|119202|4436033
서울|동대문구|138563|5949081
서울|동작구|172554|8378387
서울|마포구|166285|9355444
서울|서대문구|129851|6386514
서울|서초구|177341|15477920
서울|성동구|121095|6945186
서울|성북구|166665|7727301
서울|송파구|298410|17985328
서울|양천구|181139|9783077
서울|영등포구|188797|9946042
서울|용산구|93735|7430314
서울|은평구|196081|8078000
서울|종로구|56133|3173199
서울|중구|53269|2991380
서울|중랑구|153982|5651663
인천|강화군|20227|743834
인천|계양구|118329|4176579
인천|남동구|204172|7685317
인천|동구|23388|814557
인천|미추홀구(남구)|166397|5735555
인천|부평구|208561|7796112
인천|서구|277545|11452393
인천|연수구|179216|9397602
인천|옹진군|7233|310940
인천|중구|76340|3053504
경기|가평군|21365|758304
경기|고양시|449274|20260601
경기|과천시|37854|2586514
경기|광명시|120822|5627585
경기|광주시|172436|6620706
경기|구리시|75433|3149339
경기|군포시|116190|5087712
경기|김포시|212235|8952141
경기|남양주시|280203|11055113
경기|동두천시|32637|1023564
경기|부천시|330422|12839963
경기|성남시|410639|24140251
경기|수원시|547398|26959509
경기|시흥시|243352|9350431
경기|안산시|278962|10410855
경기|안성시|86089|3204356
경기|안양시|248046|11839238
경기|양주시|117263|4121846
경기|양평군|39634|1612034
경기|여주시|42665|1563411
경기|연천군|14577|513303
경기|오산시|111790|4564031
경기|용인시|466062|25155352
경기|의왕시|68590|3306835
경기|의정부시|180997|6439214
경기|이천시|100515|4621916
경기|파주시|216215|8606824
경기|평택시|265082|11358281
경기|포천시|61562|1997579
경기|하남시|143635|6995461
경기|화성시|471361|23956985
강원|강릉시|75383|2857543
강원|고성군|8826|312817
강원|동해시|32037|1303691
강원|삼척시|20894|826266
강원|속초시|30226|1082045
강원|양구군|7402|284769
강원|양양군|8273|297858
강원|영월군|11331|430811
강원|원주시|144923|5689736
강원|인제군|12187|485997
강원|정선군|10752|405161
강원|철원군|13321|505075
강원|춘천시|112230|4393948
강원|태백시|14070|549416
강원|평창군|11592|423924
강원|홍천군|20742|740677
강원|화천군|8319|319768
강원|횡성군|13763|482900
대전|대덕구|68220|2475492
대전|동구|79691|2756652
대전|서구|188617|7808395
대전|유성구|164586|8444441
대전|중구|84183|3207813
충북|괴산군|10247|360683
충북|단양군|8337|309329
충북|보은군|8763|305683
충북|영동군|12505|444273
충북|옥천군|15409|538192
충북|음성군|44439|1608094
충북|제천시|45685|1695844
충북|증평군|15825|598402
충북|진천군|43404|1716406
충북|청주시|371049|16310195
충북|충주시|79707|3120741
충남|계룡시|19245|895872
충남|공주시|34113|1207964
충남|금산군|14324|494397
충남|논산시|35785|1236091
충남|당진시|69466|3234489
충남|보령시|32282|1214463
충남|부여군|16363|549201
충남|서산시|67645|3248526
충남|서천군|13491|474950
충남|아산시|158911|7555335
충남|예산군|26320|963622
충남|천안시|293242|13085902
충남|청양군|8356|290452
충남|태안군|16552|635450
충남|홍성군|35578|1385842
광주|광산구|166976|6741489
광주|남구|77093|3326622
광주|동구|41178|1745182
광주|북구|163880|6338170
광주|서구|112581|4807094
전북|고창군|13408|469788
전북|군산시|95283|3759279
전북|김제시|24923|828428
전북|남원시|22792|774621
전북|무주군|6494|226792
전북|부안군|13108|433867
전북|순창군|7473|260876
전북|완주군|35768|1385901
전북|익산시|96268|3569830
전북|임실군|7086|240591
전북|장수군|5493|187854
전북|전주시|249044|10230176
전북|정읍시|32542|1116499
전북|진안군|6627|232367
전남|강진군|8695|308455
전남|고흥군|13647|452816
전남|곡성군|7483|277644
전남|광양시|61608|3028963
전남|구례군|6356|224128
전남|나주시|43561|1702200
전남|담양군|13858|528613
전남|목포시|73440|2633121
전남|무안군|32968|1407490
전남|보성군|8838|304979
전남|순천시|102290|4526501
전남|신안군|8712|330041
전남|여수시|96991|4522450
전남|영광군|15741|627553
전남|영암군|21835|731243
전남|완도군|10904|373330
전남|장성군|13447|501861
전남|장흥군|9038|325029
전남|진도군|6604|236126
전남|함평군|8479|288961
전남|해남군|15944|540381
전남|화순군|20551|713046
대구|군위군|5885|208428
대구|남구|44829|1479907
대구|달서구|200642|7942000
대구|달성군|104135|3978523
대구|동구|126743|4765479
대구|북구|155189|5630295
대구|서구|55645|1750569
대구|수성구|147030|7721668
대구|중구|37287|1579556
경북|경산시|100492|3528891
경북|경주시|91478|3734403
경북|고령군|9503|323982
경북|구미시|164216|7290665
경북|김천시|46098|1846855
경북|문경시|19998|700428
경북|봉화군|6655|235037
경북|상주시|24766|866171
경북|성주군|10938|380822
경북|안동시|49800|1880945
경북|영덕군|7679|263400
경북|영양군|3532|129675
경북|영주시|29447|1120046
경북|영천시|32244|1142783
경북|예천군|16073|656693
경북|울릉군|3468|149328
경북|울진군|14389|630077
경북|의성군|11294|373217
경북|청도군|10497|365673
경북|청송군|5652|187435
경북|칠곡군|41138|1530575
경북|포항시|179527|8380971
부산|강서구|61657|2767053
부산|금정구|74917|3041565
부산|기장군|66096|2605973
부산|남구|93313|4010950
부산|동구|32716|1115324
부산|동래구|102211|4432296
부산|부산진구|139640|5146966
부산|북구|102234|3871591
부산|사상구|79411|2609633
부산|사하구|114814|3990910
부산|서구|36230|1386768
부산|수영구|65416|2602434
부산|연제구|81275|3385433
부산|영도구|35271|1212086
부산|중구|14852|429070
부산|해운대구|139142|6992206
울산|남구|125635|6624267
울산|동구|66314|3118691
울산|북구|94143|5030699
울산|울주군|88422|4010854
울산|중구|80247|4022964
경남|거제시|93038|3867737
경남|거창군|17536|637283
경남|고성군|13870|473540
경남|김해시|225403|8833562
경남|남해군|10327|349112
경남|밀양시|32394|1137469
경남|사천시|40184|1636433
경남|산청군|8545|290616
경남|양산시|142830|5530591
경남|의령군|7116|252360
경남|진주시|127114|5250045
경남|창녕군|17387|597635
경남|창원시|409631|17706919
경남|통영시|35540|1222603
경남|하동군|9993|349898
경남|함안군|21863|809306
경남|함양군|9702|336730
경남|합천군|10234|347543
제주|제주시|59896|2185934
제주|서귀포시|184356|6952547
